id,name,age,height,is_active,birthdate,registration_timestamp,profile_picture,bio,favorite_colors,credit_card_number,email_address,weight,last_login_ip,membership_status,review_ratings,expiry_date
1,Erin Zimmerman,58,162.57,False,1948-06-29,2021-04-30 03:32:29.721163,fd89aade0af70c51a8fd,Thing little process involve blue low begin. She leader else floor traditional site.,"{DarkSlateGray,DarkGoldenRod,MistyRose,ForestGreen}",1603312557089338,jeremiahwarner@example.com,58.84,180.37.36.60,Basic,3.61,2023-10-07 20:45:50.095999
2,Ashley Davis,49,157.03,False,1974-10-08,2020-12-02 05:01:44.716118,11205ca4782d2571dd63,"Character state southern image. Perhaps fine training head ahead. Avoid old south decision bit.
Majority happy staff southern risk. Mention response subject view street pattern kitchen.","{Maroon,BurlyWood,Linen,Cornsilk}",6744578048784944,kevinsmith@example.net,62.62,159.121.5.65,Premium,4.22,2023-10-26 02:01:09.279007
3,Samantha Kennedy,36,184.33,False,1984-12-02,2022-07-14 05:25:43.618215,ad1112ebf2102e0733c8,"Much population eight lot. Believe feeling talk I.
Section marriage market. Address development significant.","{SteelBlue,PaleGoldenRod,SandyBrown}",2390050559346914,christophernash@example.net,111.26,52.91.164.17,VIP,0.71,2023-06-22 13:13:45.508167
4,Emily Pitts,31,154.13,True,1967-08-07,2021-10-17 16:21:26.507179,390066e4ae10ada9094f,"Make rock you top positive. Buy risk notice ask best full. Development nature answer market the bring size.
Model know skin. Election kind capital your.","{PaleTurquoise,LightSeaGreen}",3795438019924167,randy66@example.com,117.51,6.84.52.237,VIP,1.72,2025-04-02 10:01:57.326116
5,Emily Ramos,52,160.04,True,1937-02-04,2020-12-21 10:50:08.784863,1ee4c40dd143b2eaf5b4,"Condition meet member. Lose TV both concern ten improve.
Forward quite federal the. Happy bed forget also.","{FireBrick,SeaGreen,Aqua,LightSteelBlue}",5800490440105677,nathanieledwards@example.com,46.32,14.110.251.57,Premium,2.55,2024-01-25 10:33:08.043846
6,Angela Griffin,22,196.15,True,1986-03-22,2021-09-08 01:53:35.127232,e798e11da98b91c91523,"Camera yourself action change. Benefit simply book kitchen. All both space increase.
Rich account television effort many way. Board step floor office thousand.","{MediumBlue,Gainsboro}",7949356427666466,hsimmons@example.com,74.41,174.207.224.28,Premium,3.26,2025-01-03 21:57:27.262599
7,Michael Saunders,39,185.41,True,1977-02-09,2022-01-27 11:42:25.904650,43d0cca36a1b8d7d0ee4,What campaign mean stock yet pretty outside. Simply line kitchen reality center impact reality particularly. Safe player may receive onto.,"{YellowGreen,MediumSlateBlue,GoldenRod,Aquamarine}",3327393549334851,tonya10@example.org,81.49,146.186.70.167,VIP,0.44,2023-08-30 06:36:06.701540
8,Sarah Ramirez,19,190.25,False,1991-05-25,2023-08-22 05:51:50.275694,80a0d73ce58d43659265,"Everything prepare from model set. There baby federal.
Under significant some her police glass represent.
Manager environment affect account natural. Reveal send certainly hour.","{LawnGreen,ForestGreen}",6088439604389021,erin87@example.org,57.76,175.20.183.145,Premium,4.28,2025-03-27 21:17:57.791842
9,Kathryn Fisher,40,180.82,True,1936-10-15,2023-03-26 12:22:47.217311,c1d0d879663aaf390d45,"Tree adult us order never. Sit natural capital space toward. Third central anything within remain.
Either today life.","{Aqua,Plum,Indigo,DarkGray}",1165088980474609,pvalencia@example.com,50.2,159.70.109.74,Premium,3.23,2023-04-28 05:10:12.382821
10,Rebecca Dixon,31,177.31,False,1967-10-26,2023-08-12 12:39:09.227893,5e6a5e888535eb10589a,Win hand sit else industry would sit. Government organization beyond Republican. Often weight first consider together eight.,"{PapayaWhip,Black,DarkMagenta,RoyalBlue,LightGreen}",6038158461368676,shaunhogan@example.net,88.14,183.120.196.176,VIP,3.49,2025-02-18 05:56:51.276902
11,Carol Pratt,47,186.62,False,1989-10-17,2023-10-15 14:40:06.223911,ea6b0f412c0161ae4bbc,Carry because eight plan foreign commercial image. List job understand drive good. Mind forget town set method.,"{PaleVioletRed,SlateBlue,MediumAquaMarine,Sienna}",5044768019568731,thomas24@example.org,57.46,70.192.24.24,Basic,0.79,2025-04-01 17:06:04.688382
12,Andrew Eaton,27,177.49,True,1964-07-08,2021-09-13 03:23:42.666076,2446e8d93156a4b1acb4,"Practice practice truth. Series computer garden seek movie.
Nothing science administration watch hour. Modern very especially space country cultural movie have. Camera second in view common.",{DodgerBlue},9888936277053814,joseph34@example.com,66.48,39.133.247.122,Premium,4.03,2024-03-31 06:53:40.114445
13,Alyssa Garcia,66,177.02,True,1935-05-29,2022-02-05 12:34:52.837850,0bfeb5c0b6fabcd3b0db,"Computer pressure husband. Consider machine weight place current discover. Democratic serious glass central understand room.
Night today keep military. Process during training.","{MintCream,Chartreuse,MediumTurquoise,DarkOrange}",8128399704527417,amywolfe@example.org,106.18,123.12.42.145,Basic,3.79,2025-01-11 11:23:12.389062
14,John Sanchez,32,153.16,False,1962-06-29,2021-04-07 05:38:13.525790,1603b2bc3684d1022fce,"Simple suddenly way white draw. Any some open store throughout Congress. Film knowledge beautiful opportunity hair less.
Great page by figure.","{Linen,Thistle,MediumAquaMarine}",7461670192752237,eric03@example.org,88.66,143.171.114.86,VIP,0.99,2024-05-15 14:34:14.891794
15,John Harvey,69,176.3,True,1955-02-04,2023-09-03 11:08:26.483362,8d4a09f484456a61b0b1,"Management wish involve art PM real.
Quickly wear deal. Investment door become role resource pressure animal tree. Though left cell lose sound note.",{Aquamarine},9253024474056791,emason@example.org,61.23,4.183.112.233,Premium,0.0,2024-05-22 00:46:57.720706
16,Denise Williamson,27,158.19,True,1997-12-30,2021-05-10 07:00:27.351783,82b897100c0ade580ee2,"Cut single sort simple. President kid idea simple buy.
Official operation society no individual. Not attorney start song.","{Black,GreenYellow,Gainsboro,Bisque,IndianRed}",5396398212514548,john32@example.org,96.56,67.102.22.51,Basic,1.98,2023-04-28 13:11:18.625110
17,Beth Williams,34,171.3,True,2002-04-30,2023-04-01 04:31:57.517828,a7b484804db3aa2cd36a,"That three agent. Sound seem compare speak. Represent second religious culture whom even respond. Then drive effect great sister second.
Put computer wear action. Lead per soldier under year as.","{MediumBlue,Blue,Azure}",5176846417359845,bethblack@example.net,89.43,217.55.60.124,VIP,4.81,2024-05-27 01:28:37.357818
18,Jenna Hodge,60,196.83,False,1968-12-01,2023-09-30 13:52:58.151467,db27a4233915fe2e4de6,Different American herself fear guy total. Church guess action fast yes season give. End popular region take near radio. Mouth easy debate half prevent within consider store.,"{MediumVioletRed,DarkSlateBlue,GoldenRod,DarkRed,Red}",5923464358411725,warrenjacob@example.com,44.99,144.246.238.187,VIP,4.83,2023-05-28 22:16:27.899352
19,Benjamin Reed,19,169.63,False,2002-10-15,2024-03-24 07:29:47.760032,9c39bcb1f18b34cafaf2,"Significant me force company. Worry water rock fight responsibility.
Assume bill large support purpose. Space life great energy whom step law.
Quite provide affect.","{LightGreen,MediumSlateBlue,Linen,Coral}",4665596516283099,mckinneyjohn@example.org,44.37,111.244.66.225,Basic,3.79,2024-09-21 21:45:15.092376
20,James Mendez,30,159.87,True,2005-03-09,2023-12-08 05:40:00.246443,3101b3bd8c8f9d3ebf13,Teach worry I station worker make project. Thought possible need beautiful close. College democratic figure close few still thank.,"{LightCyan,FloralWhite}",6863980050360151,juanalvarado@example.org,59.24,132.246.202.207,Basic,3.23,2023-11-03 19:18:57.743303
21,Steven Kelly,24,198.8,True,1937-06-20,2024-01-16 02:31:24.964976,626ffa26abaa9ae33158,Century key card family. Very left buy argue cup can. Call central tend.,"{PeachPuff,LawnGreen,SeaGreen}",4449977299411551,wisecameron@example.com,115.11,90.121.222.176,Premium,3.44,2024-09-07 21:04:41.266969
22,April Perez,60,174.12,False,1993-05-04,2021-08-12 00:13:58.002433,91f92fb608e7c25512d2,Cold vote man method administration skill. House weight short whose their other offer beyond. Half medical instead word begin.,"{DarkGoldenRod,DodgerBlue,HoneyDew,Maroon,SpringGreen}",9827044075012678,joseph71@example.org,71.12,98.35.114.61,VIP,4.03,2023-08-03 22:49:52.905842
23,Terri Hughes,63,192.5,True,1944-06-11,2022-12-17 11:16:08.075416,eb15ed4f4e4a3f50b492,"Range wall effect. Whom threat man reduce here where remember soon. Away this able attack data civil analysis.
Senior or season if. Night look degree foreign alone trial.","{LightSkyBlue,Cornsilk,AntiqueWhite,SandyBrown,RosyBrown}",9861459685871618,hicksbrittany@example.org,73.93,220.75.104.249,VIP,2.5,2025-03-17 14:46:12.388820
24,Matthew Chavez,31,161.29,True,1995-12-16,2023-07-19 09:17:25.375232,511c1e371790acda5241,"Eye career board more practice test prepare. Early six who professional. Choice senior item nor main trial.
Walk throughout large which. For picture oil most.","{Yellow,Plum,DeepSkyBlue}",4767905825403901,danielmcdonald@example.net,81.71,218.14.114.79,Basic,4.74,2024-05-17 10:12:57.633576
25,Dominique Moore,56,157.95,True,2005-07-12,2022-07-03 03:26:33.679066,95507db1684aa327b424,"Successful call rock person herself whom structure.
Number early ever someone current. Power discover race line past clearly. Only treatment defense imagine sport party eye.","{ForestGreen,HotPink,RoyalBlue}",5130157750994322,jared07@example.net,102.15,146.130.141.12,VIP,2.76,2024-03-07 15:01:49.158700
26,Alexis Humphrey,55,183.89,True,1936-02-25,2022-06-30 19:25:49.291327,99e84b38e5adadb648e4,"Like of charge senior until. Charge fish else cup or seven thought. Explain money pay if fish. Later other agent big.
Tonight own catch writer. Guess score reason forget bank policy office.","{MediumAquaMarine,DarkKhaki,Magenta,MistyRose}",9100419188129128,cynthia88@example.org,46.36,186.224.185.47,Premium,0.37,2023-05-27 23:09:34.766691
27,Jill Ramirez,43,172.11,False,1940-07-26,2024-01-05 10:29:09.302860,70660b9738c12b76bc06,"Establish hear seek six blood able.
Town investment believe or. Trip similar operation field large or sister itself.
Decide side stock strategy. Sing customer else church unit system billion.","{ForestGreen,DarkGray,GoldenRod}",3965090181654553,jeffrey55@example.net,43.63,14.190.176.10,VIP,3.2,2023-09-28 00:47:23.225752
28,John Thompson,21,168.46,True,2001-01-08,2020-07-10 23:51:54.874882,8163e9b5059e38d26d4f,"Response staff total scene cup reveal down. House college political room.
Walk major he star. Painting fear arrive establish nothing race really trouble.","{GreenYellow,Salmon,SlateGray,MediumBlue,Teal}",4659670687570745,wmorse@example.net,70.01,209.2.25.2,Premium,4.03,2025-02-04 05:01:17.141008
29,Benjamin Alexander,65,151.63,True,2000-01-15,2021-10-08 02:31:03.346691,6366c26d5d75aeb464b1,Sit religious from score. Indeed woman road society account detail contain natural. Eight reach talk nation design table kid.,{MediumAquaMarine},4923080244429746,michael32@example.com,98.88,88.232.50.69,Basic,0.46,2023-07-02 04:18:19.118131
30,Melissa Li,58,176.07,False,1962-01-28,2022-11-05 20:01:48.289255,7a425f541d485f24e14f,"Media share paper miss discover national test. High responsibility note notice civil edge under will. National decision add side.
Skill around past notice animal. For treatment ahead create nice way.","{Aqua,BurlyWood,DarkTurquoise}",8988702744748893,xblair@example.com,95.23,172.20.81.70,VIP,3.7,2025-02-26 23:15:45.615477
31,Erica Thomas,57,160.79,False,1940-10-18,2021-04-13 10:16:09.535601,816ce0193a01fb6f2657,"School top good deep war hair. Government score likely game.
Mention little fall life. Person tough way skin race no black station. Civil stock store message whom.","{LightSkyBlue,PeachPuff}",2453142659741323,brockaaron@example.net,42.44,34.164.77.82,Basic,3.71,2023-11-03 14:04:00.112032
32,Julia Rich,57,163.76,True,2001-10-28,2020-09-12 13:15:08.966235,8acc4f0c0daf73e9b7c3,"Someone agency easy fill kitchen your. Than future above shoulder stuff maintain leader service.
Knowledge on wear test ready. Call five bad recognize explain region rise.","{Ivory,PaleTurquoise}",8365514060561524,elizabeth02@example.org,70.76,98.170.35.31,Basic,0.91,2023-06-20 14:53:17.833965
33,Alec Nelson,33,175.44,True,1983-05-02,2020-05-30 16:04:37.098207,45ac290ced6f61650527,"Positive interview property different lawyer.
Skin carry there station another. Traditional yourself picture organization certain interesting.","{LightCoral,Moccasin,PaleVioletRed,LightSeaGreen}",7380461504303254,gjacobs@example.net,97.0,53.18.192.20,VIP,1.21,2024-07-10 22:26:11.553352
34,Michael Krause,38,172.27,False,2000-12-31,2022-02-08 21:33:11.819055,b0e01d82ca96e4c594d1,"Including coach clear nature room section. Call suggest six wall reality. Level fish together be tonight.
Yard lawyer available husband store pay. Structure body a.","{Peru,HotPink}",5001311494646030,qcarter@example.org,79.16,97.65.89.15,Basic,3.3,2023-12-13 14:35:50.596201
35,Harold Mercado,52,156.32,True,1943-04-15,2022-09-13 19:02:34.056623,ca09bd37edf18ff9a5ea,"She in world range. Share pull detail set behavior.
Cut know total challenge. Avoid budget statement that how both. Catch resource professor.
Small win state section. Charge week east hold inside.",{YellowGreen},8080577144844436,hbell@example.net,106.15,34.102.208.253,VIP,0.57,2025-01-11 14:53:28.527975
36,Billy Anderson,35,182.28,True,1981-12-12,2022-11-19 02:10:56.170247,a1763c4ad79bf5983bed,"Treatment position foreign. Find lawyer memory book. Structure prepare range.
Capital election offer myself design situation become under. Another strong hand book.","{Tan,Blue}",1084424333921508,heatherayala@example.org,51.93,113.217.194.145,Basic,3.78,2025-02-04 05:47:09.708384
37,Robert Miller,28,170.39,False,1972-05-29,2021-08-30 06:40:15.494705,6b64504fa6db5805faaa,"Back his someone quite station five. Catch apply may fall measure television dog standard.
Morning event specific young speech offer. Meeting house customer make term.","{MediumVioletRed,Lavender,Pink,AliceBlue}",4080123828439656,michaelortega@example.net,75.39,85.14.11.136,VIP,3.67,2023-11-10 05:21:37.587917
38,Carolyn Taylor,49,175.77,True,1998-12-03,2023-08-20 15:37:51.311598,2c55b941c402c712117f,"Yeah very another experience. Leader serve water hit fast. International town house.
Base movie each door other real glass. Fill information trouble assume who foreign society.",{GreenYellow},8112870520417124,conwayvincent@example.net,104.17,214.147.81.160,Premium,2.72,2025-02-26 03:04:35.559258
39,Benjamin Cunningham,28,183.02,False,1992-05-23,2022-09-18 17:18:15.048317,7bc19f9542c167076977,"Far resource field take. What win perform together quite. During tonight whether arrive break series.
Station law draw other popular. Involve blue pretty me.","{HoneyDew,DarkSlateBlue,Linen,HotPink}",5168804962517353,marybrock@example.org,105.67,140.144.44.183,Premium,1.32,2023-05-22 21:32:14.770818
40,Lindsey Perry,36,199.31,True,1991-12-17,2022-09-17 16:41:10.989075,262d051566de2536f5cd,"Company upon recently people. Morning important job enough charge. No outside well true lay.
Close scientist evidence key. Then oil particularly case bar carry company.",{LightBlue},3677409434074447,bacosta@example.net,52.98,138.251.94.195,VIP,3.01,2023-05-21 08:59:24.397803
41,Jacob Knight,28,188.98,False,1938-05-20,2023-07-18 23:03:17.729763,c2ea6619698bc926c22c,"Yet skill sit religious budget majority somebody. Maybe ok else so bar reveal tough.
Still show lead can newspaper world stage.
Theory whole none raise. Hour hold agreement authority.","{SkyBlue,DarkOliveGreen}",4105637293607627,philipmccormick@example.org,106.63,194.237.115.229,VIP,1.44,2023-08-22 21:58:26.482751
42,Evelyn Johnson,70,195.88,True,2000-11-17,2023-03-21 06:39:10.209071,e4d5e410f80831d7b6d3,"But including after record foreign election. Edge these everything old entire coach event. Ok you despite win.
Group fund model. Effort big base anyone consumer. Act magazine team exactly successful.","{MediumSeaGreen,LavenderBlush,RosyBrown}",5371263074809027,ricky57@example.net,103.01,201.157.37.109,Basic,2.17,2024-09-05 12:30:48.014721
43,Kevin Mccoy,65,171.6,True,1942-08-14,2023-06-24 08:39:13.255430,d84a82fad2524b2b1150,"Democrat seat dark hear charge claim bed. His there wrong Republican when pattern mother chair. Strong quickly minute always dream.
Within his miss. Skill could soldier theory. Through culture role.",{Lime},7280574064315502,glovercharles@example.net,45.97,188.207.38.36,VIP,2.49,2025-01-05 04:07:22.385274
44,Benjamin Garza,62,181.41,True,1988-03-11,2023-06-11 21:06:38.454531,166429958369bcd9656a,"Place hotel between author rise into at. Treat place do whose there almost begin. Give themselves attention culture.
Almost rest very themselves along.",{MediumAquaMarine},9741305658514399,luis44@example.net,75.66,157.96.151.231,VIP,1.67,2023-05-16 07:30:11.856467
45,Jay Guzman,21,164.47,True,1954-07-16,2023-06-22 20:57:50.269489,5d3c118e3742259a06f5,"East factor field continue tough choice physical. Call everything which.
To try shoulder suffer. Family old enter forward happy resource court lead.","{WhiteSmoke,Wheat,NavajoWhite,DarkTurquoise}",8514626322570840,kevin78@example.org,104.19,91.22.92.45,Premium,1.4,2024-04-22 08:04:33.021172
46,Sheila Martinez,24,174.83,True,2006-01-20,2022-07-28 12:21:43.929164,0a6b09fd5e7cd1991dd0,"Turn occur simple wonder can. Pattern word along by letter century against.
Professional may her fall figure. Serious opportunity so.
Source part notice strategy. Pm lead order a.","{DodgerBlue,Navy,Ivory}",4141015028054685,charles98@example.com,49.16,164.214.229.57,Basic,1.15,2025-03-13 19:59:43.826900
47,Kimberly Watts,48,176.44,True,1978-09-20,2023-12-18 15:29:51.229831,d9dc9de4bc4b886f0a46,"Tend sister name range simple. Child as listen over life.
Necessary least college tell. Look animal sister participant. Audience matter audience send option herself that.","{LimeGreen,RoyalBlue}",7625020102031998,xallen@example.org,89.76,7.178.136.79,Basic,2.16,2024-09-11 02:13:49.518392
48,Sean Taylor,70,163.05,True,1972-10-01,2020-01-19 00:21:00.857766,fbb9e116b0893677b7aa,Window we board usually hope if. Night economic car friend affect say put generation. Support book think conference onto game throw environment.,"{MediumTurquoise,Silver,MediumOrchid,BlueViolet,Cornsilk}",9780696240204730,jasmine77@example.org,68.88,125.161.174.236,Premium,0.44,2024-08-29 01:30:15.432120
49,Kathleen Sawyer,35,157.19,True,2001-03-13,2022-10-04 20:09:07.739496,b8e29aa82a2524e83ece,"As bar big source. Bit church actually simple.
Visit learn toward very themselves memory design. Compare time concern central box. Perform kind to officer soon magazine manage.",{GoldenRod},3776006712460588,robin33@example.com,107.57,195.70.230.221,Basic,1.1,2025-01-27 17:20:15.948884
50,Samuel Weiss,63,185.66,True,1971-08-23,2020-01-31 01:28:37.164890,d395a7cba498454afbd1,"Try after step whether thousand specific. North example customer.
Behind section same. Possible song respond. Have peace bill once.","{CornflowerBlue,Beige,Wheat,Coral,LightBlue}",5632111048726457,daniel21@example.net,62.51,121.24.215.148,Premium,3.74,2024-03-05 20:09:44.779782
51,Kristin Martinez,44,185.83,True,1938-10-05,2022-09-05 07:03:37.470041,75cfda4b500a7e38a6a4,"Provide name police third. Nor best letter side.
Six own all where energy. Star be crime spend money we sing. Image usually particularly.","{DarkSalmon,Magenta,Crimson,GoldenRod}",4941615435999372,debrajohnson@example.com,46.17,26.198.12.232,Basic,4.01,2024-04-07 02:31:08.997131
52,Michael Morris,55,180.86,False,1988-09-13,2023-12-24 04:15:05.008069,a299f7a2868125deb82c,"Role book home they both. Unit me option Democrat just. Whose pressure tell report send book law.
Institution most chair space same she. Bill deep major gas again. Lot family determine still.","{PaleVioletRed,AliceBlue,OrangeRed}",1969592703322403,randy23@example.com,96.28,140.98.255.153,VIP,0.86,2024-10-27 05:46:10.327570
53,Robert Rodriguez,34,158.54,False,1990-08-30,2022-01-17 22:26:35.933764,978f4a862b8dc066a830,"South economic perform full begin tree forget. Laugh only require into artist. Easy organization effect prove thus anyone.
Around third look lead measure increase sing. Exactly role right to.",{OldLace},3577354537582346,williamchavez@example.net,111.98,202.237.188.127,Premium,3.45,2024-07-14 05:16:35.759889
54,Heather Brown,56,165.65,False,1978-02-16,2020-10-15 02:04:16.009372,771358807779cf6bf77c,Fill memory machine accept professor on. Business experience tend wonder. Rather involve throughout score large look.,"{SandyBrown,Turquoise}",6911611476203758,emilyguzman@example.net,61.55,75.6.43.110,Basic,1.06,2023-07-03 21:14:25.222354
55,Scott Rogers,49,199.24,False,1981-07-20,2023-07-07 18:41:27.338889,0c6e5653ad59a0b62d3f,"Size position pick contain.
Ahead particularly world natural concern meet base event. Subject key new hot message who understand. Good prepare contain professional bit affect.",{SteelBlue},6441442985800338,stacygreene@example.com,103.85,160.154.60.165,VIP,3.66,2023-10-17 14:26:57.620902
56,Kathryn Torres,59,178.4,False,1980-01-16,2020-07-10 02:01:07.602050,fad1369fa42e47c6dcf4,"Story peace world key. Try short next look put a he hair.
Player stage yard join usually hope. Rise color finally he south either.
Visit whose make single.","{IndianRed,LightYellow,DarkKhaki,Salmon,Salmon}",7917472623419130,spenceralyssa@example.com,64.92,106.203.144.197,Basic,3.61,2023-12-24 01:32:28.030640
57,William Wagner,55,192.92,False,1938-04-08,2021-09-03 02:08:56.110448,77e3e0265be4c1d3b6ec,"However key class because.
Read term clear activity bring. Produce magazine cold member side court ahead. Smile hundred yes difference success.",{DarkBlue},6337744342804529,xturner@example.org,117.67,105.71.69.170,Basic,0.37,2024-01-07 20:41:25.585828
58,Peter Brown,43,183.23,False,2002-02-14,2024-01-12 17:42:41.395140,3d06feec01e8cac6cc54,"Certainly after high window. Bad their than car.
Population surface war TV current. Animal particular cell section.","{Blue,Red,Magenta}",7843869145228051,amber15@example.net,115.36,184.214.8.87,Basic,4.22,2023-11-24 01:53:09.658983
59,Gregory Salazar,67,181.28,True,1953-08-27,2022-04-08 08:25:35.316842,1645b75d0e53c63cedc7,"East development away.
Pick group memory deal word travel century. Smile cultural explain can.","{LightSalmon,Ivory}",3972576527311240,nicholasdawson@example.org,63.77,113.169.97.237,VIP,1.67,2024-09-26 07:13:07.545088
60,Jordan Conrad,66,193.1,True,1991-02-23,2024-01-12 07:55:43.343524,f2d86dd84078f2338949,"Son turn social finish card. Heavy get building manage relate become.
Truth without away of sense direction reflect. Option leg drive create million bar director.","{MediumBlue,Salmon,DarkOrange,LemonChiffon,SteelBlue}",6154927306490544,jamesperez@example.com,70.14,144.8.187.81,Premium,1.4,2023-05-29 11:11:07.463750
61,Andrew Combs,56,184.91,False,1944-02-18,2022-05-09 23:53:10.929605,1bffe1e8cf2c46f59611,"Manage look how population hope teach finish space. Which rest sister force east. Term rule goal heart.
Large scientist kitchen family tend. Require baby right military like little.","{OliveDrab,DeepPink}",6976899773205687,joseph18@example.net,75.54,99.245.30.79,Basic,4.74,2023-07-26 10:16:18.899004
62,Diane Norton,22,195.46,False,1955-02-24,2021-02-20 11:33:50.432534,c2f220f4faf9c29c6325,"Will year worker them war bag financial. Off total air.
Fish almost may alone college. Agent leader could although.","{PaleTurquoise,LightSalmon}",3853124440716293,bpeterson@example.net,98.6,89.134.52.26,Premium,2.61,2023-06-10 22:52:47.242080
63,Nicole Aguilar MD,43,168.89,True,1996-07-01,2021-05-05 03:40:12.094841,7b26ded3d98441d1ce81,"Meet history remember bag partner. Make a majority me safe pressure. Game article special risk.
Nothing know dream during. Start next alone consider. End fall help white history.","{RoyalBlue,LightCoral,Silver}",7433724689781224,kenneth26@example.org,88.96,121.139.215.41,Premium,3.72,2025-01-28 15:30:23.240082
64,Brett Perez,23,160.0,False,1982-06-22,2021-09-17 08:15:47.395693,a4934f1fffb88403b3b1,Head large board dark find science. Region region throw go manage identify go. Become between wish statement occur. Skill also smile I someone little executive.,"{DarkKhaki,DarkTurquoise,Black,BlueViolet,YellowGreen}",4634306917366280,gonzalezjoshua@example.net,45.29,171.119.186.17,VIP,0.23,2024-08-16 10:15:38.905413
65,David Jennings,22,172.92,True,1942-02-10,2024-01-02 22:01:47.241400,30360199185c2a3bb3f7,"Treat bag message cause. His assume save age benefit current.
Doctor hundred maybe positive manage.
Produce space mind some rock party. Into kid open mind loss way.","{AliceBlue,Brown,Plum}",9180094284060622,susan33@example.com,82.36,125.121.164.96,Basic,1.7,2024-07-07 22:51:53.618104
66,Christina Curtis,70,176.36,True,2005-11-24,2022-12-03 19:00:19.089209,5b06a0c8df2a9498520a,"Field safe drop. Talk writer if themselves budget rule bed vote. Past traditional explain realize.
Under character in economic expect call. Than try season toward.","{Aquamarine,Peru,BlueViolet,Fuchsia,DarkSlateBlue}",4163116966422163,yortiz@example.net,105.24,62.164.106.66,Basic,4.14,2024-03-05 10:34:36.784798
67,Dustin Beltran,46,191.81,True,1980-12-02,2023-01-11 11:31:33.993923,a475427bf2e921f4ef4a,Office usually course themselves there. Type management dream together she.,"{MediumAquaMarine,Khaki,Black,Olive,HoneyDew}",8233589447193021,gomezbrett@example.org,79.58,62.221.79.232,Premium,0.24,2025-02-22 18:16:46.708467
68,Deborah Davidson,30,162.29,False,1949-02-18,2021-07-25 22:35:12.680591,9df532df57e2e0991fac,Some character professional these which past. Party water military security test especially. South personal building range bit.,{FloralWhite},3712789499603507,tonywilson@example.org,48.21,59.76.46.196,Basic,4.0,2024-09-13 01:30:25.804762
69,Jessica Mack,69,198.14,False,1938-11-03,2024-04-08 12:52:18.444930,0f0b661543e1af2fea53,Themselves positive question something defense. Course large music. Visit ground individual thank stuff. Certainly include expect in.,"{DarkSeaGreen,DarkSlateBlue}",2458489244326609,ogonzalez@example.com,61.23,122.235.69.174,Premium,0.0,2024-04-19 20:55:20.732085
70,Glenn Palmer,47,160.88,True,1951-07-02,2022-10-28 04:28:41.466439,7342e45d8aba2d804fb0,"Growth music fact officer throw prepare total. One thank race. Out around mention career other record.
Measure us save form consider. Writer party follow claim especially.",{Plum},1513451511224889,douglascalderon@example.org,68.8,71.200.66.214,Premium,1.67,2024-07-03 19:04:34.309786
71,Alyssa Williams,40,199.87,True,1971-06-23,2020-05-05 14:28:27.084281,b5c314b6951ee802aa21,"Yet however civil general. Sing face campaign difficult project listen thus.
Owner poor happen his part owner still. Institution along article strong.",{MediumPurple},2814671705297150,townsendtiffany@example.com,51.5,210.42.243.66,Basic,2.03,2023-05-17 13:04:16.528581
72,Barbara Vazquez,18,162.12,True,1994-06-13,2023-05-27 07:03:08.084692,d7ef70fb85087fda27ce,"Free thus effort career reality. Theory baby case section little effort.
Practice information its happy. Event perform fish structure worker able kid. Law without entire art manage value.",{SteelBlue},7079216062765917,amanda53@example.net,115.33,91.25.53.194,Basic,4.53,2024-01-30 04:48:30.982232
73,Stephanie Murphy,61,174.38,True,1997-02-03,2021-09-23 06:06:31.646900,3fa3997f9ec17fa7691b,"Activity follow day myself fly explain. Use special theory reveal would.
All century prevent Mrs consider. I reason with while free agency.
See action mission. Mouth meet safe current kid send.","{White,LemonChiffon,Chocolate}",8689113300167843,hmills@example.org,56.07,202.57.122.240,Premium,2.91,2024-06-12 16:50:11.807008
74,Heather Harrison,22,179.32,False,2002-02-23,2020-05-13 23:47:37.233060,7e4defc6c29abe731c5e,"Low age carry. It reason save prove city bad third.
Glass possible right moment my more. News anything enough my break decision stand.","{MediumSeaGreen,LightGoldenRodYellow}",6196701628640196,martintony@example.com,42.51,192.56.149.86,Premium,2.14,2023-10-18 03:11:45.735798
75,James Phillips,36,196.44,True,1985-05-14,2023-11-24 22:01:05.288292,1194900ed241cea292d3,Rule international husband ever life question student. Adult accept kind step keep message sea. Including inside today about situation give end industry.,{PeachPuff},6584422630184454,alexander63@example.net,77.45,80.27.23.156,VIP,2.81,2023-04-20 19:55:23.706079
76,Ronald Byrd,50,180.94,True,1939-11-07,2020-12-08 20:34:13.566337,b93adcb50d0418a834c2,Strategy race tell receive for general mission meet. Around little include from. Talk price sea treat include local prove.,{SandyBrown},6998430954719619,jhenderson@example.net,45.54,46.189.87.55,Basic,1.34,2024-10-19 17:36:05.182337
77,Tina Fuller,61,169.42,True,1964-04-13,2021-10-10 03:05:10.012942,eeec0b56a02787a9a9b4,Building attack thousand tax administration four. Second article newspaper upon purpose trade radio. Program must glass specific source meet.,"{HotPink,GreenYellow,Black,Silver}",5575860495070076,shawnmccormick@example.org,82.34,197.63.29.214,Premium,2.13,2023-07-19 14:34:22.534178
78,Phillip Boyd,23,151.81,True,2000-04-09,2020-10-18 17:42:01.242587,206cb310c2fdfc9ef931,"Relationship assume machine identify cover physical.
Leg oil from. Social foot green night grow.","{LightGreen,DarkOliveGreen,LightSlateGray}",1510201717939946,smithchristina@example.org,116.42,47.76.204.205,Premium,4.45,2023-09-24 08:23:54.793337
79,Sophia Dougherty,60,159.32,True,1952-11-28,2022-08-21 14:31:09.519953,3e2351f0a76ec3295444,"Great deep one fill sure role change board. One city suggest look about year director interview.
World Congress ahead church. Weight keep education reach truth though perform. Movie animal true.","{IndianRed,PeachPuff}",8191013841752341,michaeljohnson@example.net,42.98,19.104.123.211,Basic,1.81,2025-02-09 12:39:27.836647
80,Antonio Schmidt,20,173.75,False,1957-01-25,2020-02-18 02:15:34.474557,81dd87b813e684b8fe44,"Win reality bill. Even local my.
Whom expert relate rest behavior. Available together yet lead billion resource follow fall.","{LightGray,DarkOliveGreen}",3385239976546137,iwilliams@example.net,101.66,8.175.188.52,Premium,0.17,2024-12-11 08:23:51.297338
81,James Howard,19,164.16,True,1989-05-18,2020-12-21 19:03:47.190885,923b5f756b767e7a0229,"Determine low view mouth begin itself. Pay while hundred keep mean.
Reveal before town make suddenly. Resource water work. Year interest recent music.","{Teal,Orange}",2361449473497222,castanedadiana@example.org,41.1,45.40.248.114,Premium,1.68,2023-04-15 12:06:16.217848
82,Matthew Wilson,67,178.76,True,1964-07-23,2023-07-21 20:58:45.230845,2d5f1ecefbd1c44a852f,"Across including cold history maintain. Others ten according public. Trade couple small city instead.
Great run another gas reality money above see. Economy use need and sometimes care.","{Purple,Peru,LawnGreen,Green}",6696135104672722,yryan@example.com,53.44,15.234.216.184,VIP,0.21,2024-03-14 04:21:04.723084
83,David Palmer,30,166.17,False,1984-12-14,2021-11-20 03:45:28.918487,c44b7b24b718977c9110,"Company under write. Early suggest life. Side cup ball table several. Blue ball building start away.
Car bag chair stay guess program. Often team where.","{SandyBrown,Lavender,OliveDrab,PeachPuff}",4224554097659907,khall@example.net,90.45,174.138.92.50,VIP,0.13,2023-09-17 21:28:29.019601
84,Bobby Hughes,32,170.01,True,1937-11-22,2020-11-14 16:41:47.670461,57c5284b2039e33ad372,"Star partner drug cut few those. Develop artist spend white writer watch room.
Choice several care safe population move true edge. Cost goal green more.","{Crimson,Gold,DarkCyan}",6551725059450882,dgamble@example.net,107.7,170.132.23.91,VIP,4.12,2024-10-24 13:06:13.702479
85,Susan Castillo MD,47,189.65,True,1981-06-01,2023-05-11 20:54:49.545833,c2f405ec7a0674aae847,"Degree describe rest speak arrive we protect. Between case act official certainly four here.
Growth table lead go. Sing onto meeting probably hundred. Its trouble hot cause decision hour.","{Gold,Chartreuse}",6618090365482955,austinayers@example.net,78.93,84.13.9.58,Basic,2.1,2024-04-30 15:54:28.404596
86,Tabitha West,56,151.99,True,1967-06-02,2023-03-19 13:10:10.456749,0c49ba8c802ae4e15a59,Onto drive green discussion then including fly. Paper just avoid every. None likely free mention.,{DarkBlue},8456924968482614,burnettsheila@example.net,108.05,84.15.76.152,VIP,3.51,2024-04-21 02:10:51.481798
87,Lauren Montoya,62,156.78,False,1957-03-13,2021-07-25 03:10:44.240553,bf3ffe27bf82bfbfb48c,Local money good federal dog quite. Take push something smile which practice eat yes. Debate around wear space attorney dinner myself.,{Moccasin},2759057319079694,mathewsharp@example.net,78.43,17.218.215.35,VIP,4.46,2024-09-04 21:31:25.494975
88,Michelle Smith,57,180.25,True,1955-10-04,2021-03-30 07:53:27.937184,7b65244b1ea89de4fe50,"Maintain whole tax page degree both. Contain certain hold. Edge Republican structure since should break analysis.
Range above region seven my. Crime find tend.","{OrangeRed,MediumOrchid,IndianRed,LightSlateGray}",2152391126634208,plopez@example.net,111.03,86.128.167.78,VIP,0.07,2025-01-03 07:17:07.948935
89,John Johnson,34,196.67,True,1966-11-23,2022-10-24 17:21:27.839747,9bd8ab232b94c855fb2e,Shoulder attack even administration dark attack sell discuss. Rest thing political. Accept statement house move major recently itself.,"{Navy,CornflowerBlue}",2301676404560343,rbrown@example.org,103.46,169.118.113.214,Basic,3.02,2024-02-11 07:21:43.794105
90,Cathy Love,29,151.55,False,1952-02-20,2023-02-06 01:31:05.146490,d4136e7844d80c7cb286,"Worry reduce source loss. Finally indeed fear what by.
Modern reality gun action benefit. Raise hundred design.","{DarkBlue,Bisque,LightYellow,BlueViolet,Gold}",9837819306415484,vbutler@example.org,80.48,222.88.175.77,VIP,3.53,2024-08-23 16:40:41.645645
91,Ashley Gonzales,33,168.12,False,1965-09-25,2022-08-04 21:45:30.318679,3b4a78f05c4717a561c0,"Political sing Mrs form. Account gas better so act you make.
Member during could science. Theory figure onto certainly ahead professor. Suddenly current foot because billion talk.","{LightSteelBlue,Azure}",5626145169276563,brandon68@example.net,44.44,205.127.110.149,Premium,4.14,2024-11-22 01:36:19.870880
92,Mr. Jeffery Dalton,54,187.5,True,1957-01-21,2022-07-25 06:50:50.475318,241952e59f567d9eea10,Half consumer trial talk first various president. Treatment benefit best tend than mission. Big someone race black across fish seem.,"{White,Gray,LightBlue,HoneyDew}",9119221588817854,bsmith@example.org,98.67,84.160.43.147,VIP,4.95,2024-07-05 01:37:46.922229
93,Andrew Powell,22,190.05,False,1955-12-25,2021-11-24 13:41:25.080781,6ee28e6cbfb089dc359a,Guy top speech for professional left. Growth imagine between door trip interest. Analysis conference table matter clear all.,{OldLace},1552333893943533,orivers@example.net,69.65,209.139.46.149,VIP,1.51,2023-04-18 21:54:39.320836
94,Jennifer Steele,46,181.49,True,2000-03-17,2022-09-09 22:53:17.687068,95eacefda4a49c159690,"Culture subject network he court only.
Guy note who most interest. Town strong everyone. Major will range require magazine yes.","{DarkMagenta,DimGray}",9252954990108881,nicole09@example.net,113.24,58.169.68.234,Basic,3.91,2024-12-28 02:18:36.096582
95,Alicia Hawkins,61,159.07,True,1950-03-13,2021-12-31 04:27:22.011841,1b32801999c8a322d709,"Low onto area. Understand most guess action two. Technology long any enjoy case research worker.
Return someone manager wait. Small rule report system city.","{DarkOrange,Indigo,SkyBlue}",6360583645471533,pruittmary@example.com,55.15,154.148.33.53,Premium,2.03,2024-10-27 05:53:08.830193
96,Colleen Martinez,38,160.95,True,1998-11-27,2020-03-30 01:31:38.475548,496764f023e1978828dc,"Little raise sing and. Mrs prepare necessary language hope.
Receive consider citizen human most race both argue. Father interest unit. Find every art and your.","{SlateGray,Silver,Lime,Chocolate,MediumSpringGreen}",5523150682146152,vincent79@example.org,108.28,20.50.21.111,Premium,0.61,2024-09-21 21:55:44.102138
97,Kyle Garrett,55,186.59,False,1996-01-08,2023-03-21 01:30:50.698090,dfa7dcd796a63edb7dca,Walk commercial hot stay line American son behind. People effort evening first rock consider effect. Agent author ahead question task do. Government perhaps establish street.,"{MintCream,Indigo}",6861321916067262,summersmarie@example.com,88.28,198.90.42.32,Basic,1.75,2023-12-20 19:47:50.284464
98,Ryan Wu,59,189.04,True,2000-05-17,2021-09-25 23:21:21.275281,93791a73200511e9f8ed,"News arrive among forget. Once available determine thousand.
Research recognize after start voice significant. Drug hundred rate price.
Maintain whose help owner.","{NavajoWhite,LightCoral,BlueViolet,Indigo,SlateGray}",3300600242719581,jeffrey37@example.com,81.29,94.202.196.255,Basic,0.02,2024-11-13 21:24:41.467901
99,Melissa Stewart,70,194.23,True,1995-02-09,2022-12-27 22:16:16.588798,4a715884a0f1b1211832,"Capital air determine red study. Speech bring along stand occur girl.
Group event success. Change improve style whom.
These program catch relationship.","{SpringGreen,Navy,MediumVioletRed,MediumVioletRed}",2396461389951454,christopherkim@example.com,102.86,44.182.6.199,VIP,3.38,2023-05-06 15:24:26.641794
100,Ashley Brown,34,163.97,True,1961-09-03,2022-08-30 12:06:33.899085,90a6ea76463ebe0c22c4,Investment right your development. Need site early them something great else seat.,"{RoyalBlue,Brown}",6938729016413140,leejon@example.net,110.26,24.134.138.139,Premium,4.33,2024-07-11 20:36:19.312738
